training_seed,mode,seed,steps,cheese,wall_hits
1,random_legal,1001,5000,9,0
1,random_legal,1002,5000,9,0
1,random_legal,1003,5000,6,0
1,random_legal,1004,5000,7,0
1,random_legal,1005,5000,6,0
1,random_legal,1006,5000,8,0
1,random_legal,1007,5000,10,0
1,random_legal,1008,5000,18,0
1,random_legal,1009,5000,3,0
1,random_legal,1010,5000,11,0
1,untrained_memory,1001,5000,0,0
1,untrained_memory,1002,5000,0,0
1,untrained_memory,1003,5000,0,0
1,untrained_memory,1004,5000,0,0
1,untrained_memory,1005,5000,1,0
1,untrained_memory,1006,5000,0,0
1,untrained_memory,1007,5000,0,0
1,untrained_memory,1008,5000,1,0
1,untrained_memory,1009,5000,0,0
1,untrained_memory,1010,5000,0,0
1,trained_memory,1001,5000,1,0
1,trained_memory,1002,5000,9,0
1,trained_memory,1003,5000,0,0
1,trained_memory,1004,5000,3,0
1,trained_memory,1005,5000,2,0
1,trained_memory,1006,5000,0,0
1,trained_memory,1007,5000,0,0
1,trained_memory,1008,5000,4,0
1,trained_memory,1009,5000,1,0
1,trained_memory,1010,5000,1,0
1,trained_greedy,1001,5000,1,0
1,trained_greedy,1002,5000,0,0
1,trained_greedy,1003,5000,0,0
1,trained_greedy,1004,5000,1,0
1,trained_greedy,1005,5000,0,0
1,trained_greedy,1006,5000,0,0
1,trained_greedy,1007,5000,0,0
1,trained_greedy,1008,5000,1,0
1,trained_greedy,1009,5000,0,0
1,trained_greedy,1010,5000,0,0
12345,random_legal,1001,5000,9,0
12345,random_legal,1002,5000,9,0
12345,random_legal,1003,5000,6,0
12345,random_legal,1004,5000,7,0
12345,random_legal,1005,5000,6,0
12345,random_legal,1006,5000,8,0
12345,random_legal,1007,5000,10,0
12345,random_legal,1008,5000,18,0
12345,random_legal,1009,5000,3,0
12345,random_legal,1010,5000,11,0
12345,untrained_memory,1001,5000,0,0
12345,untrained_memory,1002,5000,0,0
12345,untrained_memory,1003,5000,0,0
12345,untrained_memory,1004,5000,0,0
12345,untrained_memory,1005,5000,1,0
12345,untrained_memory,1006,5000,0,0
12345,untrained_memory,1007,5000,0,0
12345,untrained_memory,1008,5000,1,0
12345,untrained_memory,1009,5000,0,0
12345,untrained_memory,1010,5000,0,0
12345,trained_memory,1001,5000,0,0
12345,trained_memory,1002,5000,11,0
12345,trained_memory,1003,5000,0,0
12345,trained_memory,1004,5000,0,0
12345,trained_memory,1005,5000,2,0
12345,trained_memory,1006,5000,10,0
12345,trained_memory,1007,5000,0,0
12345,trained_memory,1008,5000,11,0
12345,trained_memory,1009,5000,2,0
12345,trained_memory,1010,5000,0,0
12345,trained_greedy,1001,5000,0,0
12345,trained_greedy,1002,5000,0,0
12345,trained_greedy,1003,5000,0,0
12345,trained_greedy,1004,5000,0,0
12345,trained_greedy,1005,5000,0,0
12345,trained_greedy,1006,5000,0,0
12345,trained_greedy,1007,5000,0,0
12345,trained_greedy,1008,5000,4,0
12345,trained_greedy,1009,5000,0,0
12345,trained_greedy,1010,5000,0,0
2,random_legal,1001,5000,9,0
2,random_legal,1002,5000,9,0
2,random_legal,1003,5000,6,0
2,random_legal,1004,5000,7,0
2,random_legal,1005,5000,6,0
2,random_legal,1006,5000,8,0
2,random_legal,1007,5000,10,0
2,random_legal,1008,5000,18,0
2,random_legal,1009,5000,3,0
2,random_legal,1010,5000,11,0
2,untrained_memory,1001,5000,0,0
2,untrained_memory,1002,5000,0,0
2,untrained_memory,1003,5000,0,0
2,untrained_memory,1004,5000,0,0
2,untrained_memory,1005,5000,1,0
2,untrained_memory,1006,5000,0,0
2,untrained_memory,1007,5000,0,0
2,untrained_memory,1008,5000,1,0
2,untrained_memory,1009,5000,0,0
2,untrained_memory,1010,5000,0,0
2,trained_memory,1001,5000,1,0
2,trained_memory,1002,5000,11,0
2,trained_memory,1003,5000,8,0
2,trained_memory,1004,5000,6,0
2,trained_memory,1005,5000,1,0
2,trained_memory,1006,5000,6,0
2,trained_memory,1007,5000,6,0
2,trained_memory,1008,5000,11,0
2,trained_memory,1009,5000,7,0
2,trained_memory,1010,5000,0,0
2,trained_greedy,1001,5000,1,0
2,trained_greedy,1002,5000,4,0
2,trained_greedy,1003,5000,2,0
2,trained_greedy,1004,5000,6,0
2,trained_greedy,1005,5000,0,0
2,trained_greedy,1006,5000,1,0
2,trained_greedy,1007,5000,6,0
2,trained_greedy,1008,5000,4,0
2,trained_greedy,1009,5000,1,0
2,trained_greedy,1010,5000,0,0
3,random_legal,1001,5000,9,0
3,random_legal,1002,5000,9,0
3,random_legal,1003,5000,6,0
3,random_legal,1004,5000,7,0
3,random_legal,1005,5000,6,0
3,random_legal,1006,5000,8,0
3,random_legal,1007,5000,10,0
3,random_legal,1008,5000,18,0
3,random_legal,1009,5000,3,0
3,random_legal,1010,5000,11,0
3,untrained_memory,1001,5000,0,0
3,untrained_memory,1002,5000,0,0
3,untrained_memory,1003,5000,0,0
3,untrained_memory,1004,5000,0,0
3,untrained_memory,1005,5000,1,0
3,untrained_memory,1006,5000,0,0
3,untrained_memory,1007,5000,0,0
3,untrained_memory,1008,5000,1,0
3,untrained_memory,1009,5000,0,0
3,untrained_memory,1010,5000,0,0
3,trained_memory,1001,5000,1,0
3,trained_memory,1002,5000,20,0
3,trained_memory,1003,5000,0,0
3,trained_memory,1004,5000,6,0
3,trained_memory,1005,5000,6,0
3,trained_memory,1006,5000,2,0
3,trained_memory,1007,5000,6,0
3,trained_memory,1008,5000,6,0
3,trained_memory,1009,5000,2,0
3,trained_memory,1010,5000,1,0
3,trained_greedy,1001,5000,1,0
3,trained_greedy,1002,5000,0,0
3,trained_greedy,1003,5000,0,0
3,trained_greedy,1004,5000,0,0
3,trained_greedy,1005,5000,0,0
3,trained_greedy,1006,5000,2,0
3,trained_greedy,1007,5000,0,0
3,trained_greedy,1008,5000,2,0
3,trained_greedy,1009,5000,0,0
3,trained_greedy,1010,5000,0,0
42,random_legal,1001,5000,9,0
42,random_legal,1002,5000,9,0
42,random_legal,1003,5000,6,0
42,random_legal,1004,5000,7,0
42,random_legal,1005,5000,6,0
42,random_legal,1006,5000,8,0
42,random_legal,1007,5000,10,0
42,random_legal,1008,5000,18,0
42,random_legal,1009,5000,3,0
42,random_legal,1010,5000,11,0
42,untrained_memory,1001,5000,0,0
42,untrained_memory,1002,5000,0,0
42,untrained_memory,1003,5000,0,0
42,untrained_memory,1004,5000,0,0
42,untrained_memory,1005,5000,1,0
42,untrained_memory,1006,5000,0,0
42,untrained_memory,1007,5000,0,0
42,untrained_memory,1008,5000,1,0
42,untrained_memory,1009,5000,0,0
42,untrained_memory,1010,5000,0,0
42,trained_memory,1001,5000,1,0
42,trained_memory,1002,5000,4,0
42,trained_memory,1003,5000,0,0
42,trained_memory,1004,5000,6,0
42,trained_memory,1005,5000,0,0
42,trained_memory,1006,5000,2,0
42,trained_memory,1007,5000,6,0
42,trained_memory,1008,5000,5,0
42,trained_memory,1009,5000,1,0
42,trained_memory,1010,5000,0,0
42,trained_greedy,1001,5000,0,0
42,trained_greedy,1002,5000,0,0
42,trained_greedy,1003,5000,0,0
42,trained_greedy,1004,5000,1,0
42,trained_greedy,1005,5000,0,0
42,trained_greedy,1006,5000,0,0
42,trained_greedy,1007,5000,0,0
42,trained_greedy,1008,5000,1,0
42,trained_greedy,1009,5000,1,0
42,trained_greedy,1010,5000,0,0
